{
    "confidence_score": 0.9744920134544373,
    "ptm": 0.9536835551261902,
    "iptm": 0.9817575812339783,
    "ligand_iptm": 0.9817575812339783,
    "protein_iptm": 0.0,
    "complex_plddt": 0.9726755619049072,
    "complex_iplddt": 0.9735471606254578,
    "complex_pde": 0.2762267589569092,
    "complex_ipde": 0.2932887375354767,
    "chains_ptm": {
        "0": 0.9536880254745483,
        "1": 0.0
    },
    "pair_chains_iptm": {
        "0": {
            "0": 0.9536880254745483,
            "1": 0.0
        },
        "1": {
            "0": 0.9817575812339783,
            "1": 0.0
        }
    }
}