{
    "confidence_score": 0.9732686281204224,
    "ptm": 0.959097683429718,
    "iptm": 0.9856680035591125,
    "ligand_iptm": 0.9856680035591125,
    "protein_iptm": 0.0,
    "complex_plddt": 0.9701687693595886,
    "complex_iplddt": 0.9719370007514954,
    "complex_pde": 0.2698078155517578,
    "complex_ipde": 0.27511855959892273,
    "chains_ptm": {
        "0": 0.9589658379554749,
        "1": 0.0
    },
    "pair_chains_iptm": {
        "0": {
            "0": 0.9589658379554749,
            "1": 0.0
        },
        "1": {
            "0": 0.9856680035591125,
            "1": 0.0
        }
    }
}