{
    "confidence_score": 0.9722976088523865,
    "ptm": 0.9537532329559326,
    "iptm": 0.9826949834823608,
    "ligand_iptm": 0.9826949834823608,
    "protein_iptm": 0.0,
    "complex_plddt": 0.9696981906890869,
    "complex_iplddt": 0.972143828868866,
    "complex_pde": 0.28028374910354614,
    "complex_ipde": 0.2856820821762085,
    "chains_ptm": {
        "0": 0.9536169767379761,
        "1": 0.0
    },
    "pair_chains_iptm": {
        "0": {
            "0": 0.9536169767379761,
            "1": 0.0
        },
        "1": {
            "0": 0.9826949834823608,
            "1": 0.0
        }
    }
}